nombre	precio	categoria	disponible	descripcion	imagen_url
Abrazo de Osito	$437.500	Anchetas con Peluche	Sí	Un oso grande y suave que se queda abrazado para siempre, acompañado de bombones finos, fruta fresca y globos que llenan el espacio de celebración. El regalo que ella vuelve a sentir cada vez que lo ve en su cuarto.	https://floristeriamedellin.dondeseria.com/assets/catalog/1.webp
Ternura Gris	$243.750	Anchetas con Peluche	Sí	Peluche de mirada dulce con moño, bombonera brillante y globo de confeti en tonos pastel. Perfecto para decirle lo que sientes sin tener que buscar las palabras.	https://floristeriamedellin.dondeseria.com/assets/catalog/2.webp
Brindis de Enamorados	$312.500	Desayunos Sorpresa	Sí	Bandeja en madera con flores frescas, fruta roja, vino y chocolates para compartir. Una mañana que deja de ser un día cualquiera y se convierte en la historia que van a contar por años.	https://floristeriamedellin.dondeseria.com/assets/catalog/3.webp
Explosión de Consentimiento	$750.000	Anchetas con Flores	Sí	Rosas rojas rodeadas de labiales, brillos, perfume y un peluche que la desarma por completo. El detalle más grande del catálogo, para la que merece sentirse la más importante del mundo.	https://floristeriamedellin.dondeseria.com/assets/catalog/4.webp
Cofre de Manzanas y Rosas	$262.500	Anchetas con Flores	Sí	Rosas rojas y fruta fresca en cofre de madera, con osito coronado y globos de corazón flotando arriba. Un regalo que se ve, se huele y se saborea al mismo tiempo.	https://floristeriamedellin.dondeseria.com/assets/catalog/5.webp
Te Quiero Conmigo	$125.000	Anchetas con Peluche	Sí	Rosas rojas envueltas en papel de gala con un osito que sostiene un corazón. Pequeño en tamaño y enorme en intención, ideal para ese "pensé en ti" que no necesita fecha especial.	https://floristeriamedellin.dondeseria.com/assets/catalog/6.webp
Buenos Días, Sol	$87.500	Girasoles	Sí	Girasoles abiertos con nube de gypsophila y un mensaje que ilumina el día completo. La forma más honesta de decir gracias, ánimo o simplemente "te quieren".	https://floristeriamedellin.dondeseria.com/assets/catalog/7.webp
Sol con Ferrero	$225.000	Girasoles con Chocolates	Sí	Girasoles en corona alrededor de un corazón de Ferrero Rocher, con eucalipto y toques azules. Alegría y dulzura en el mismo gesto, para quien te alegra a ti todos los días.	https://floristeriamedellin.dondeseria.com/assets/catalog/8.webp
Fuego y Sol	$175.000	Rosas y Girasoles	Sí	Rosas rojas apretadas alrededor de un girasol central sobre papel negro y dorado. La combinación que une pasión y alegría, imposible de ignorar en el momento de la entrega.	https://floristeriamedellin.dondeseria.com/assets/catalog/9.webp
Reina del Día	$225.000	Rosas Rojas	Sí	Rosas rojas y rosadas con corona y corazón de cristal en el centro, envueltas en rojo con filo dorado. Para la que siempre se pone de última y hoy le toca sentirse primera.	https://floristeriamedellin.dondeseria.com/assets/catalog/10.webp
Clásico que Nunca Falla	$112.500	Rosas Rojas	Sí	Rosas rojas con hypericum y follaje dorado en papel rojo rematado con moño de gala. La respuesta segura cuando quieres acertar sin pensarlo dos veces.	https://floristeriamedellin.dondeseria.com/assets/catalog/11.webp
Dulce Fucsia	$81.250	Combinación de Rosas	Sí	Rosas fucsia entre pompones blancos y rosados, envueltas en rojo con acabado dorado. Fresco, femenino y perfecto para llegar de sorpresa a la oficina o a la casa.	https://floristeriamedellin.dondeseria.com/assets/catalog/12.webp
Domo de Pasión	$275.000	Cajas de Rosas	Sí	Cúpula compacta de rosas rojas con gypsophila, base elegante y tarjeta con tu dedicatoria. Un detalle que se queda de adorno y sigue hablando por ti muchos días después.	https://floristeriamedellin.dondeseria.com/assets/catalog/13.webp
Cofre de Ternura	$187.500	Anchetas con Peluche	Sí	Osito crema con corazón de bombones dentro de una caja transparente lista para entregar. Delicado, limpio y directo al corazón, no necesita presentación.	https://floristeriamedellin.dondeseria.com/assets/catalog/14.webp
Mi Princesa	$300.000	Anchetas con Flores	Sí	Rosas rojas y fruta fresca en cofre de madera, con peluche coronado, globo Te Amo y tu mensaje escrito. El regalo con el que se quiebra cualquier resistencia.	https://floristeriamedellin.dondeseria.com/assets/catalog/15.webp
Rosé y Margaritas	$237.500	Anchetas con Flores	Sí	Margaritas fucsia, corazón de bombones y una copa de espumoso rosé junto a un osito suave. Para celebrar entre amigas, cerrar un logro o simplemente consentirla porque sí.	https://floristeriamedellin.dondeseria.com/assets/catalog/16.webp
Noche de Ferrero	$175.000	Rosas con Chocolates	Sí	Rosas rojas y margaritas sobre papel negro con dorado, coronadas por Ferrero Rocher y globo de corazón. Elegante, sabroso y con el punto justo de romanticismo.	https://floristeriamedellin.dondeseria.com/assets/catalog/17.webp
Doble Compañía	$275.000	Anchetas con Peluche	Sí	Dos ositos, rosas rojas y chocolates finos en cofre de madera con acabado azul. El regalo ideal para él, para papá o para celebrar una fecha en familia.	https://floristeriamedellin.dondeseria.com/assets/catalog/18.webp
Sol y Pasión	$125.000	Rosas y Girasoles	Sí	Girasoles y rosas rojas en presentación vertical con bombones y moño de raso. Un detalle esbelto, fácil de cargar y muy fotogénico en el momento de entregarlo.	https://floristeriamedellin.dondeseria.com/assets/catalog/19.webp
Eres Mi Favorita	$350.000	Anchetas con Flores	Sí	Oso suave, rosas rojas, bombones y globos que dicen exactamente lo que sientes. Una entrega que detiene la oficina y se vuelve la historia del día.	https://floristeriamedellin.dondeseria.com/assets/catalog/20.webp
Campo de Sol	$325.000	Girasoles	Sí	Girasoles generosos entre claveles rosados y gypsophila, envueltos en papel rosa suave. Un ramo imponente que transmite alegría antes de que alcance a leer la tarjeta.	https://floristeriamedellin.dondeseria.com/assets/catalog/21.webp
Sombrerera Solar	$186.000	Rosas y Girasoles	Sí	Girasoles y rosas rojas montados en sombrerera negra con moño de raso. Llega listo para poner en la mesa, sin florero y sin complicaciones.	https://floristeriamedellin.dondeseria.com/assets/catalog/22.webp
Amor Sin Medida	$621.000	Rosas Rojas	Sí	Un mar de rosas rojas bordeado de gypsophila sobre papel negro mate. Para propuestas, aniversarios grandes y momentos que no admiten término medio.	https://floristeriamedellin.dondeseria.com/assets/catalog/23.webp
Sol de Media Tarde	$101.000	Rosas y Girasoles	Sí	Girasoles con rosas rojas y gypsophila en papel negro con borde blanco. Alegre y romántico al mismo tiempo, acierta con mamá, con la pareja o con una amiga.	https://floristeriamedellin.dondeseria.com/assets/catalog/24.webp
Cofre Negro con Ferrero	$153.000	Cajas de Rosas con Chocolates	Sí	Rosas rojas sobre cama de gypsophila en caja negra con moño dorado y bombones Ferrero. Sobrio, elegante y con el detalle dulce que remata el gesto.	https://floristeriamedellin.dondeseria.com/assets/catalog/25.webp
Sencillo y Sincero	$69.000	Combinación de Rosas	Sí	Rosas rojas entre margaritas blancas en papel crema con moño de organza. La opción cómoda para decir gracias, perdón o "me acordé de ti".	https://floristeriamedellin.dondeseria.com/assets/catalog/26.webp
Rojo Profundo	$148.000	Rosas Rojas	Sí	Rosas rojas envueltas en nube de gypsophila y papel negro mate. El ramo clásico de aniversario, con la presentación que lo hace ver el doble de valioso.	https://floristeriamedellin.dondeseria.com/assets/catalog/27.webp
Jardín de Ferrero	$187.500	Rosas con Chocolates	Sí	Rosas rosadas, lirios blancos y astromelias en presentación de árbol sobre base de follaje, con corazón de Ferrero Rocher y lazo rosa dorado. Elegante, dulce y listo para lucirse en la mesa sin necesidad de florero.	https://floristeriamedellin.dondeseria.com/assets/catalog/28.webp
Love en Rosa	$187.500	Combinación de Rosas	Sí	Rosas rosadas y blancas entre astromelias y eucalipto, envueltas en papel rosa con letras de amor y rematadas con moño negro. Fresco y romántico, ideal para una sorpresa que se ve tan bien como huele.	https://floristeriamedellin.dondeseria.com/assets/catalog/29.webp
Rojo y Blanco	$69.000	Rosas Rojas	Sí	Rosas rojas con crisantemos blancos y solidago dorado en papel rosa con filo dorado y moño rojo. Un ramo sencillo y de buen tamaño para decir gracias, felicitar o recordarle que piensas en ella.	https://floristeriamedellin.dondeseria.com/assets/catalog/30.webp
Sol Radiante	$56.000	Girasoles	Sí	Girasoles grandes con margaritas amarillas y solidago, envueltos en papel negro y amarillo con moño de raso. Alegría pura en un ramo que llena de luz cualquier espacio desde el momento de la entrega.	https://floristeriamedellin.dondeseria.com/assets/catalog/31.webp
Lirios de Primavera	$187.500	Lirios	Sí	Lirios rosados y snapdragons entre solidago y follaje, envueltos en papel kraft con cinta de corazones. Un ramo alto y delicado que sigue abriendo sus flores durante días después de llegar.	https://floristeriamedellin.dondeseria.com/assets/catalog/32.webp
Sueño Lila	$150.000	Combinación de Rosas	Sí	Rosas blancas entre crisantemos lila y margaritas moradas, envueltas en papel lavanda con filo dorado y corazones, rematado con moño negro. Delicado y diferente, para sorprender a quien ama los tonos suaves y los detalles con estilo.	https://floristeriamedellin.dondeseria.com/assets/catalog/33.webp
Orgullo de Grado	$187.500	Rosas Rojas	Sí	Rosas rojas con nube de gypsophila en papel negro con birretes dorados, coronado por un diploma con mini birrete. El ramo perfecto para celebrar su grado y decirle lo orgulloso que estás de todo lo que logró.	https://floristeriamedellin.dondeseria.com/assets/catalog/34.webp
Pureza de Lirios	$125.000	Lirios	Sí	ARREGLO DE LA SEMANA: precio de promoción $125.000 (antes $150.000) de lunes a domingo. Lirios blancos abiertos entre margaritas, snapdragons y follaje verde, envueltos en papel transparente con moño de raso rosado. Elegante y sereno, para dar gracias, acompañar o decir te admiro sin necesidad de palabras.	https://floristeriamedellin.dondeseria.com/assets/catalog/35.webp
Turquesa Real	$88.000	Combinación de Rosas	Sí	ARREGLO DE LA SEMANA: precio de promoción $88.000 (antes $105.000) de lunes a domingo. Rosas blancas con solidago, gypsophila y snapdragons blancos en papel turquesa con filos dorados y moño dorado. Un ramo fresco y distinto que se roba todas las miradas desde el momento en que llega.	https://floristeriamedellin.dondeseria.com/assets/catalog/36.webp
Dulce Encanto	$113.000	Combinación de Rosas	Sí	ARREGLO DE LA SEMANA: precio de promoción $113.000 (antes $135.000) de lunes a domingo. Rosas rosadas y un lirio blanco entre snapdragons, gypsophila y solidago, en papel blanco con puntos dorados y moño rosado. Romántico y luminoso, ideal para un cumpleaños, un aniversario o un te quiero cualquier día.	https://floristeriamedellin.dondeseria.com/assets/catalog/37.webp
Alegría Fucsia	$69.000	Gerberas	Sí	ARREGLO DE LA SEMANA: precio de promoción $69.000 (antes $83.000) de lunes a domingo. Gerberas fucsia con una rosa rosada, snapdragons y gypsophila en caja redonda de terciopelo rosado. Un arreglo compacto y lleno de color que alegra el escritorio, la mesa de noche o la habitación de quien lo recibe.	https://floristeriamedellin.dondeseria.com/assets/catalog/38.webp
